[{"created_at":"Fri Sep 22 16:30:47 +0000 2017","id":911266538644230147,"id_str":"911266538644230147","text":"#FriendlyFriday : Michael Jackson accompanies Sophia Loren and Sylvester Stallone at the 4th annual American Cinema\u2026 https:\/\/t.co\/GpGkUYWjeh","truncated":true,"entities":{"hashtags":[{"text":"FriendlyFriday","indices":[0,15]}],"symbols":[],"user_mentions":[],"urls":[{"url":"https:\/\/t.co\/GpGkUYWjeh","expanded_url":"https:\/\/twitter.com\/i\/web\/status\/911266538644230147","display_url":"twitter.com\/i\/web\/status\/9\u2026","indices":[117,140]}]},"source":"\u003ca href=\"http:\/\/www.hootsuite.com\" rel=\"nofollow\"\u003eHootsuite\u003c\/a\u003e","in_reply_to_status_id":null,"in_reply_to_status_id_str":null,"in_reply_to_user_id":null,"in_reply_to_user_id_str":null,"in_reply_to_screen_name":null,"user":{"id":54387680,"id_str":"54387680","name":"Michael Jackson","screen_name":"michaeljackson","location":"New York, NY USA","description":"The Official Michael Jackson Twitter Page","url":"https:\/\/t.co\/0hNSvo4n5Z","entities":{"url":{"urls":[{"url":"https:\/\/t.co\/0hNSvo4n5Z","expanded_url":"http:\/\/www.michaeljackson.com","display_url":"michaeljackson.com","indices":[0,23]}]},"description":{"urls":[]}},"protected":false,"followers_count":2171095,"friends_count":0,"listed_count":13246,"created_at":"Tue Jul 07 00:24:51 +0000 2009","favourites_count":0,"utc_offset":-14400,"time_zone":"Eastern Time (US & Canada)","geo_enabled":false,"verified":true,"statuses_count":1856,"lang":"en","contributors_enabled":false,"is_translator":false,"is_translation_enabled":false,"profile_background_color":"FFFFFF","profile_background_image_url":"http:\/\/pbs.twimg.com\/profile_background_images\/466632809390419968\/IHCw-MH8.jpeg","profile_background_image_url_https":"https:\/\/pbs.twimg.com\/profile_background_images\/466632809390419968\/IHCw-MH8.jpeg","profile_background_tile":false,"profile_image_url":"http:\/\/pbs.twimg.com\/profile_images\/556179314660478976\/l_MadSiU_normal.jpeg","profile_image_url_https":"https:\/\/pbs.twimg.com\/profile_images\/556179314660478976\/l_MadSiU_normal.jpeg","profile_banner_url":"https:\/\/pbs.twimg.com\/profile_banners\/54387680\/1504695783","profile_link_color":"C12032","profile_sidebar_border_color":"FFFFFF","profile_sidebar_fill_color":"E3E2DE","profile_text_color":"634047","profile_use_background_image":true,"has_extended_profile":false,"default_profile":false,"default_profile_image":false,"following":false,"follow_request_sent":false,"notifications":false,"translator_type":"regular"},"geo":null,"coordinates":null,"place":null,"contributors":null,"is_quote_status":false,"retweet_count":572,"favorite_count":2512,"favorited":false,"retweeted":false,"possibly_sensitive":false,"lang":"en"},{"created_at":"Thu Sep 21 16:30:31 +0000 2017","id":910904081551646720,"id_str":"910904081551646720","text":"#TBT A #BTS shot of Michael Jackson, Wesley Snipes, and Martin Scorsese on the set of the \u201cBad\u201d Short Film, 1986 https:\/\/t.co\/41sLOiCkni","truncated":false,"entities":{"hashtags":[{"text":"TBT","indices":[0,4]},{"text":"BTS","indices":[7,11]}],"symbols":[],"user_mentions":[],"urls":[],"media":[{"id":910904078892453896,"id_str":"910904078892453896","indices":[113,136],"media_url":"http:\/\/pbs.twimg.com\/media\/DKQubv7W0AgERS7.jpg","media_url_https":"https:\/\/pbs.twimg.com\/media\/DKQubv7W0AgERS7.jpg","url":"https:\/\/t.co\/41sLOiCkni","display_url":"pic.twitter.com\/41sLOiCkni","expanded_url":"https:\/\/twitter.com\/michaeljackson\/status\/910904081551646720\/photo\/1","type":"photo","sizes":{"medium":{"w":640,"h":454,"resize":"fit"},"large":{"w":640,"h":454,"resize":"fit"},"thumb":{"w":150,"h":150,"resize":"crop"},"small":{"w":640,"h":454,"resize":"fit"}}}]},"extended_entities":{"media":[{"id":910904078892453896,"id_str":"910904078892453896","indices":[113,136],"media_url":"http:\/\/pbs.twimg.com\/media\/DKQubv7W0AgERS7.jpg","media_url_https":"https:\/\/pbs.twimg.com\/media\/DKQubv7W0AgERS7.jpg","url":"https:\/\/t.co\/41sLOiCkni","display_url":"pic.twitter.com\/41sLOiCkni","expanded_url":"https:\/\/twitter.com\/michaeljackson\/status\/910904081551646720\/photo\/1","type":"photo","sizes":{"medium":{"w":640,"h":454,"resize":"fit"},"large":{"w":640,"h":454,"resize":"fit"},"thumb":{"w":150,"h":150,"resize":"crop"},"small":{"w":640,"h":454,"resize":"fit"}}}]},"source":"\u003ca href=\"http:\/\/www.hootsuite.com\" rel=\"nofollow\"\u003eHootsuite\u003c\/a\u003e","in_reply_to_status_id":null,"in_reply_to_status_id_str":null,"in_reply_to_user_id":null,"in_reply_to_user_id_str":null,"in_reply_to_screen_name":null,"user":{"id":54387680,"id_str":"54387680","name":"Michael Jackson","screen_name":"michaeljackson","location":"New York, NY USA","description":"The Official Michael Jackson Twitter Page","url":"https:\/\/t.co\/0hNSvo4n5Z","entities":{"url":{"urls":[{"url":"https:\/\/t.co\/0hNSvo4n5Z","expanded_url":"http:\/\/www.michaeljackson.com","display_url":"michaeljackson.com","indices":[0,23]}]},"description":{"urls":[]}},"protected":false,"followers_count":2171095,"friends_count":0,"listed_count":13246,"created_at":"Tue Jul 07 00:24:51 +0000 2009","favourites_count":0,"utc_offset":-14400,"time_zone":"Eastern Time (US & Canada)","geo_enabled":false,"verified":true,"statuses_count":1856,"lang":"en","contributors_enabled":false,"is_translator":false,"is_translation_enabled":false,"profile_background_color":"FFFFFF","profile_background_image_url":"http:\/\/pbs.twimg.com\/profile_background_images\/466632809390419968\/IHCw-MH8.jpeg","profile_background_image_url_https":"https:\/\/pbs.twimg.com\/profile_background_images\/466632809390419968\/IHCw-MH8.jpeg","profile_background_tile":false,"profile_image_url":"http:\/\/pbs.twimg.com\/profile_images\/556179314660478976\/l_MadSiU_normal.jpeg","profile_image_url_https":"https:\/\/pbs.twimg.com\/profile_images\/556179314660478976\/l_MadSiU_normal.jpeg","profile_banner_url":"https:\/\/pbs.twimg.com\/profile_banners\/54387680\/1504695783","profile_link_color":"C12032","profile_sidebar_border_color":"FFFFFF","profile_sidebar_fill_color":"E3E2DE","profile_text_color":"634047","profile_use_background_image":true,"has_extended_profile":false,"default_profile":false,"default_profile_image":false,"following":false,"follow_request_sent":false,"notifications":false,"translator_type":"regular"},"geo":null,"coordinates":null,"place":null,"contributors":null,"is_quote_status":false,"retweet_count":1189,"favorite_count":4213,"favorited":false,"retweeted":false,"possibly_sensitive":false,"lang":"en"}]