[{"created_at":"Tue Sep 26 16:50:17 +0000 2017","id":912720994355355650,"id_str":"912720994355355650","text":"In September 1995, MJ's \"You Are Not Alone\" became the first song ever to debut at No. 1 on the Billboard Hot 100 https:\/\/t.co\/OOEhETCRQI","truncated":false,"entities":{"hashtags":[],"symbols":[],"user_mentions":[],"urls":[{"url":"https:\/\/t.co\/OOEhETCRQI","expanded_url":"https:\/\/www.youtube.com\/watch?v=pAyKJAtDNCw","display_url":"youtube.com\/watch?v=pAyKJA\u2026","indices":[114,137]}]},"source":"\u003ca href=\"http:\/\/www.hootsuite.com\" rel=\"nofollow\"\u003eHootsuite\u003c\/a\u003e","in_reply_to_status_id":null,"in_reply_to_status_id_str":null,"in_reply_to_user_id":null,"in_reply_to_user_id_str":null,"in_reply_to_screen_name":null,"user":{"id":54387680,"id_str":"54387680","name":"Michael Jackson","screen_name":"michaeljackson","location":"New York, NY USA","description":"The Official Michael Jackson Twitter Page","url":"https:\/\/t.co\/0hNSvo4n5Z","entities":{"url":{"urls":[{"url":"https:\/\/t.co\/0hNSvo4n5Z","expanded_url":"http:\/\/www.michaeljackson.com","display_url":"michaeljackson.com","indices":[0,23]}]},"description":{"urls":[]}},"protected":false,"followers_count":2172613,"friends_count":0,"listed_count":13233,"created_at":"Tue Jul 07 00:24:51 +0000 2009","favourites_count":0,"utc_offset":-14400,"time_zone":"Eastern Time (US & Canada)","geo_enabled":false,"verified":true,"statuses_count":1859,"lang":"en","contributors_enabled":false,"is_translator":false,"is_translation_enabled":false,"profile_background_color":"FFFFFF","profile_background_image_url":"http:\/\/pbs.twimg.com\/profile_background_images\/466632809390419968\/IHCw-MH8.jpeg","profile_background_image_url_https":"https:\/\/pbs.twimg.com\/profile_background_images\/466632809390419968\/IHCw-MH8.jpeg","profile_background_tile":false,"profile_image_url":"http:\/\/pbs.twimg.com\/profile_images\/556179314660478976\/l_MadSiU_normal.jpeg","profile_image_url_https":"https:\/\/pbs.twimg.com\/profile_images\/556179314660478976\/l_MadSiU_normal.jpeg","profile_banner_url":"https:\/\/pbs.twimg.com\/profile_banners\/54387680\/1504695783","profile_link_color":"C12032","profile_sidebar_border_color":"FFFFFF","profile_sidebar_fill_color":"E3E2DE","profile_text_color":"634047","profile_use_background_image":true,"has_extended_profile":false,"default_profile":false,"default_profile_image":false,"following":false,"follow_request_sent":false,"notifications":false,"translator_type":"regular"},"geo":null,"coordinates":null,"place":null,"contributors":null,"is_quote_status":false,"retweet_count":758,"favorite_count":1995,"favorited":false,"retweeted":false,"possibly_sensitive":false,"lang":"en"}]